name,num_deliveries,solution_length,num_vehicles,average_load,time_us
0-pa-61,211,417064.69999999984,7,154.0,180039386.98768616
0-pa-25,274,660340.5799999998,9,165.22222222222223,180044585.2279663
0-pa-34,356,678492.2700000003,11,175.54545454545453,180074115.9915924
0-df-12,813,1487478.0100000023,25,177.6,180358713.86528015
0-df-15,996,1719511.3399999982,31,175.90322580645162,180528309.10682678
0-df-44,1248,1950853.1800000009,39,177.05128205128204,180834061.14578247
2-rj-17,1900,2013601.389999998,58,177.75862068965517,181912951.4694214